rate_hz_per_channel,baseline_repeats,baseline_dead_fraction_mean,baseline_dead_fraction_std,baseline_accepted_total_mean,baseline_accepted_total_std,baseline_sent_total_mean,baseline_sent_total_std,baseline_busy_counter_total_mean,baseline_busy_counter_total_std,baseline_full_counter_total_mean,baseline_full_counter_total_std,ring0_repeats,ring0_dead_fraction_mean,ring0_dead_fraction_std,ring0_accepted_total_mean,ring0_accepted_total_std,ring0_sent_total_mean,ring0_sent_total_std,ring0_busy_counter_total_mean,ring0_busy_counter_total_std,ring0_full_counter_total_mean,ring0_full_counter_total_std,ring50_repeats,ring50_dead_fraction_mean,ring50_dead_fraction_std,ring50_accepted_total_mean,ring50_accepted_total_std,ring50_sent_total_mean,ring50_sent_total_std,ring50_busy_counter_total_mean,ring50_busy_counter_total_std,ring50_full_counter_total_mean,ring50_full_counter_total_std,rate_khz_per_channel,delta_ring0_vs_baseline_pct,delta_ring50_vs_baseline_pct,delta_ring50_vs_ring0_pct
1000,1,0.0,0.0,2.0,0.0,3.0,0.0,0.0,0.0,0.0,0.0,3,0.0114939999999999,0.0199081919821966,31.0,2.6457513110645907,12.0,3.0,0.3333333333333333,0.5773502691896258,0.0,0.0,3,0.0114939999999999,0.0199081919821966,31.0,2.6457513110645907,12.0,3.0,0.3333333333333333,0.5773502691896258,0.0,0.0,1.0,1.14939999999999,1.14939999999999,0.0
1684,1,0.0,0.0,4.0,0.0,5.0,0.0,0.0,0.0,0.0,0.0,3,0.0402286666666666,0.0056113533424062,48.333333333333336,6.658328118479393,25.333333333333332,3.5118845842842465,2.0,0.0,0.0,0.0,3,0.027866,0.0161616305179892,49.0,7.211102550927978,26.0,4.0,1.3333333333333333,0.5773502691896257,0.0,0.0,1.684,4.02286666666666,2.7866,-1.2362666666666602
2368,1,0.0,0.0,8.0,0.0,7.0,0.0,0.0,0.0,0.0,0.0,3,0.050394,0.0215457261887363,70.0,7.211102550927978,45.333333333333336,5.8594652770823155,3.3333333333333335,1.5275252316519468,0.3333333333333333,0.5773502691896258,3,0.041736,0.0176469055360989,70.66666666666667,7.571877794400365,46.0,5.5677643628300215,2.6666666666666665,0.5773502691896258,0.3333333333333333,0.5773502691896258,2.368,5.0394000000000005,4.1736,-0.8658000000000001
3053,1,0.090909,0.0,10.0,0.0,8.0,0.0,0.0,0.0,1.0,0.0,3,0.0350526666666666,0.0067850227953436,92.33333333333331,9.073771725877467,68.0,6.082762530298219,2.3333333333333335,0.5773502691896258,1.0,1.0,3,0.0312213333333333,0.0098302147653717,92.66666666666669,8.621678104251709,68.33333333333333,5.507570547286102,2.0,1.0,1.0,1.0,3.053,-5.585633333333339,-5.968766666666669,-0.3831333333333298
3737,1,0.090909,0.0,10.0,0.0,7.0,0.0,1.0,0.0,0.0,0.0,3,0.0469643333333333,0.0149376936751739,118.66666666666669,11.930353445448857,94.33333333333331,9.451631252505218,5.666666666666667,3.0550504633038935,0.3333333333333333,0.5773502691896258,3,0.0418226666666666,0.0129573940409842,119.33333333333331,12.342339054382412,95.0,9.848857801796104,5.0,2.6457513110645907,0.3333333333333333,0.5773502691896258,3.737,-4.394466666666669,-4.90863333333334,-0.5141666666666707
4421,1,0.0,0.0,8.0,0.0,10.0,0.0,0.0,0.0,0.0,0.0,3,0.0642226666666666,0.0186232171316701,126.33333333333331,3.214550253664318,99.33333333333331,6.658328118479393,7.333333333333333,1.5275252316519463,1.3333333333333333,1.1547005383792517,3,0.0519676666666666,0.0200291122452627,128.0,4.0,101.0,6.0,5.666666666666667,1.5275252316519463,1.3333333333333333,1.1547005383792517,4.421,6.422266666666659,5.19676666666666,-1.2254999999999994
5105,1,0.0,0.0,14.0,0.0,18.0,0.0,0.0,0.0,0.0,0.0,3,0.0859816666666666,0.0280502781507302,155.0,4.358898943540674,137.33333333333334,5.686240703077327,12.0,5.291502622129181,2.6666666666666665,0.5773502691896258,3,0.0760663333333333,0.030612727979279,156.66666666666666,4.041451884327381,139.0,5.291502622129181,10.333333333333334,5.686240703077327,2.6666666666666665,0.5773502691896258,5.105,8.598166666666659,7.60663333333333,-0.9915333333333285
5789,1,0.047619,0.0,20.0,0.0,23.0,0.0,1.0,0.0,0.0,0.0,3,0.0860099999999999,0.0142619433107834,167.0,10.583005244258365,149.66666666666666,10.969655114602888,13.0,2.0,2.6666666666666665,1.1547005383792517,3,0.078637,0.0211547903794861,168.33333333333334,10.692676621563626,151.0,11.357816691600547,11.666666666666666,3.214550253664318,2.6666666666666665,1.1547005383792517,5.789,3.8390999999999904,3.1018,-0.7372999999999905
6474,1,0.0,0.0,14.0,0.0,15.0,0.0,0.0,0.0,0.0,0.0,3,0.1000519999999999,0.0221504588665788,189.33333333333337,20.984120980716188,174.33333333333334,25.579940057266228,19.333333333333332,5.033222956847166,2.0,2.0,3,0.079805,0.0135416395979216,193.66666666666663,22.052966542697455,178.66666666666666,27.006172134038792,15.333333333333334,3.511884584284246,1.6666666666666667,1.5275252316519468,6.474,10.00519999999999,7.9805,-2.0246999999999895
7158,1,0.130434,0.0,20.0,0.0,22.0,0.0,1.0,0.0,1.0,0.0,3,0.1163976666666666,0.0089480501414181,200.66666666666663,18.876793513023692,185.0,19.28730152198591,22.666666666666668,1.5275252316519468,3.6666666666666665,1.5275252316519468,3,0.104901,0.0152303889313438,203.33333333333337,20.108041509140897,187.33333333333337,21.22105872319601,20.0,1.0,3.6666666666666665,1.5275252316519468,7.158,-1.4036333333333406,-2.5533,-1.1496666666666595
7842,1,0.125,0.0,28.0,0.0,25.0,0.0,4.0,0.0,0.0,0.0,3,0.1294336666666666,0.0075482385583216,226.33333333333337,7.094598884597588,215.66666666666663,8.32666399786453,29.0,2.0,4.666666666666667,0.5773502691896258,3,0.1075169999999999,0.0080376431869049,232.0,5.5677643628300215,221.66666666666663,5.507570547286102,23.0,2.6457513110645907,5.0,1.0,7.842,0.4433666666666607,-1.7483000000000093,-2.19166666666667
8526,1,0.137931,0.0,25.0,0.0,26.0,0.0,3.0,0.0,1.0,0.0,3,0.144022,0.0128797400206681,233.66666666666663,3.2145502536643185,224.0,9.539392014169456,33.666666666666664,2.309401076758503,5.666666666666667,1.5275252316519463,3,0.1183779999999999,0.0197007974204091,240.66666666666663,5.131601439446884,231.33333333333337,11.150485789118488,26.333333333333332,4.041451884327381,6.0,2.0,8.526,0.6091000000000015,-1.9553000000000083,-2.56440000000001
9211,1,0.173913,0.0,19.0,0.0,22.0,0.0,4.0,0.0,0.0,0.0,3,0.1433286666666667,0.0272668717372076,259.3333333333333,20.008331597945222,246.0,19.519221295943137,36.0,9.539392014169456,7.666666666666667,4.509249752822894,3,0.1254996666666666,0.0272034696377747,264.6666666666667,19.03505538035898,251.0,18.0,30.0,9.539392014169456,8.333333333333334,5.507570547286102,9.211,-3.0584333333333316,-4.841333333333342,-1.7829000000000104
9895,1,0.181818,0.0,27.0,0.0,23.0,0.0,5.0,0.0,0.0,0.0,3,0.166619,0.0136703361699703,271.6666666666667,3.0550504633038935,259.6666666666667,5.507570547286102,46.666666666666664,4.932882862316248,7.666666666666667,0.5773502691896258,3,0.1390296666666666,0.0086965949850118,280.6666666666667,1.5275252316519463,269.0,5.196152422706632,37.333333333333336,3.7859388972001824,8.0,1.0,9.895,-1.5198999999999998,-4.278833333333338,-2.7589333333333386
10579,1,0.111111,0.0,32.0,0.0,26.0,0.0,4.0,0.0,0.0,0.0,3,0.1618376666666666,0.0202937969422514,271.3333333333333,14.571661996262929,262.6666666666667,11.015141094572204,43.0,2.6457513110645907,9.666666666666666,3.7859388972001824,3,0.1359336666666666,0.0178988622636561,279.6666666666667,13.05118130030126,271.3333333333333,9.504384952922168,35.0,2.6457513110645907,9.333333333333334,3.214550253664318,10.579,5.0726666666666596,2.482266666666659,-2.5904000000000007
11263,1,0.219512,0.0,32.0,0.0,30.0,0.0,8.0,0.0,0.0,0.0,3,0.1620576666666666,0.0223963637748035,284.3333333333333,10.692676621563626,278.6666666666667,13.576941236277534,45.666666666666664,9.237604307034012,9.333333333333334,1.5275252316519468,3,0.144167,0.0191281029901033,290.3333333333333,6.429100507328637,285.3333333333333,10.016652800877813,39.0,9.0,10.0,1.7320508075688772,11.263,-5.745433333333342,-7.534500000000001,-1.7890666666666597
11947,1,0.128205,0.0,34.0,0.0,33.0,0.0,4.0,0.0,1.0,0.0,3,0.1606146666666666,0.0087164720118482,321.3333333333333,27.64657905299195,310.6666666666667,18.583146486355137,50.333333333333336,4.725815626252609,11.0,5.5677643628300215,3,0.1360883333333333,0.0059175363398405,330.6666666666667,27.30079363925769,320.6666666666667,17.67295485574875,40.666666666666664,5.8594652770823155,11.333333333333334,6.110100926607787,11.947,3.24096666666666,0.7883333333333304,-2.4526333333333294
12632,1,0.193548,0.0,25.0,0.0,31.0,0.0,4.0,0.0,1.0,0.0,3,0.1996,0.0117658060922318,339.6666666666667,19.39931270260195,328.0,16.822603841260722,70.0,15.716233645501712,15.0,5.0,3,0.1697986666666666,0.0112123220312892,352.3333333333333,20.55075018906447,339.6666666666667,17.95364401266031,56.333333333333336,13.576941236277534,16.0,3.605551275463989,12.632,0.6052,-2.374933333333342,-2.9801333333333417
13316,1,0.275,0.0,29.0,0.0,30.0,0.0,9.0,0.0,1.0,0.0,3,0.1883033333333333,0.0122766111909326,347.6666666666667,4.509249752822894,344.0,9.848857801796104,60.0,8.888194417315589,20.666666666666668,3.5118845842842465,3,0.1641906666666666,0.0070592666994053,358.0,2.6457513110645907,354.3333333333333,9.504384952922168,49.0,6.557438524302,21.333333333333332,3.5118845842842465,13.316,-8.669666666666675,-11.080933333333345,-2.4112666666666698
14000,1,0.225,0.0,31.0,0.0,31.0,0.0,7.0,0.0,1.0,0.0,3,0.2150343333333333,0.0071873044553109,349.6666666666667,19.39931270260195,341.0,19.157244060668017,78.0,6.557438524302,17.666666666666668,7.023769168568492,3,0.1786343333333333,0.0140523816605347,365.6666666666667,14.0118997046558,356.3333333333333,14.50287327853806,61.666666666666664,2.8867513459481287,18.0,6.557438524302,14.0,-0.9965666666666699,-4.6365666666666705,-3.6400000000000006
