rate_hz_per_channel,repeats,generated_total_mean,generated_total_std,accepted_total_mean,accepted_total_std,sent_total_mean,sent_total_std,sent_word_total_mean,sent_word_total_std,busy_counter_total_mean,busy_counter_total_std,full_counter_total_mean,full_counter_total_std,spacing_counter_total_mean,spacing_counter_total_std,queue_counter_total_mean,queue_counter_total_std,ring_counter_total_mean,ring_counter_total_std,output_counter_total_mean,output_counter_total_std,dead_fraction_mean,dead_fraction_std
200,4,24.750000000,3.862210075,24.750000000,3.862210075,5.750000000,2.872281323,690.000000000,344.673758792,0.000000000,0.000000000,0.000000000,0.000000000,0.000000000,0.000000000,0.000000000,0.000000000,0.000000000,0.000000000,0.000000000,0.000000000,0.000000000,0.000000000
422,4,53.250000000,5.909032634,53.250000000,5.909032634,28.500000000,6.137317547,3420.000000000,736.478105581,0.000000000,0.000000000,0.000000000,0.000000000,0.000000000,0.000000000,0.000000000,0.000000000,0.000000000,0.000000000,0.000000000,0.000000000,0.000000000,0.000000000
645,4,82.250000000,14.150971698,81.750000000,15.107944930,53.500000000,9.746794345,6420.000000000,1169.615321377,0.000000000,0.000000000,0.500000000,1.000000000,0.000000000,0.000000000,0.000000000,0.000000000,0.000000000,0.000000000,0.500000000,1.000000000,0.008064516,0.016129032
867,4,109.750000000,20.254629101,109.750000000,20.254629101,79.250000000,16.479785597,9515.250000000,1971.113961698,0.000000000,0.000000000,0.000000000,0.000000000,0.000000000,0.000000000,0.000000000,0.000000000,0.000000000,0.000000000,0.000000000,0.000000000,0.000000000,0.000000000
1090,4,142.750000000,4.349329450,142.000000000,4.082482905,110.750000000,9.810708435,13297.000000000,1172.785288675,0.000000000,0.000000000,0.750000000,0.957427108,0.000000000,0.000000000,0.000000000,0.000000000,0.000000000,0.000000000,0.750000000,0.957427108,0.005198979,0.006715624
1312,4,163.750000000,20.006249024,161.750000000,19.155068955,133.500000000,17.597348285,16020.000000000,2111.681794210,0.000000000,0.000000000,2.000000000,3.366501646,0.000000000,0.000000000,0.000000000,0.000000000,0.000000000,0.000000000,2.000000000,3.366501646,0.011629798,0.019295856
1535,4,205.500000000,12.396235988,204.250000000,13.326039672,177.000000000,12.727922061,21311.750000000,1588.174292492,0.000000000,0.000000000,1.250000000,1.258305739,0.000000000,0.000000000,0.000000000,0.000000000,0.000000000,0.000000000,1.250000000,1.258305739,0.006311730,0.006746977
1757,4,235.750000000,14.244882122,233.500000000,14.977761292,204.500000000,12.069244660,24615.250000000,1506.160543678,0.000000000,0.000000000,2.250000000,2.217355783,0.000000000,0.000000000,0.000000000,0.000000000,0.000000000,0.000000000,2.250000000,2.217355783,0.009694456,0.010004173
1980,4,251.500000000,20.469489490,244.250000000,18.463928798,218.500000000,14.708274315,26291.750000000,1810.198584870,0.000000000,0.000000000,7.250000000,5.377421935,0.000000000,0.000000000,0.000000000,0.000000000,0.000000000,0.000000000,7.250000000,5.377421935,0.028309357,0.019751288
2202,4,288.000000000,19.849433241,279.500000000,15.758595538,252.750000000,13.022416570,30496.250000000,1582.279236839,0.000000000,0.000000000,8.500000000,11.561430131,0.000000000,0.000000000,0.000000000,0.000000000,0.000000000,0.000000000,8.500000000,11.561430131,0.028327183,0.037896881
2425,4,309.000000000,11.401754251,306.500000000,9.255628918,282.750000000,7.804912983,34106.750000000,988.404564606,0.000000000,0.000000000,2.500000000,3.785938897,0.000000000,0.000000000,0.000000000,0.000000000,0.000000000,0.000000000,2.500000000,3.785938897,0.007872310,0.011740482
2647,4,334.250000000,16.958282146,326.750000000,21.313141486,304.250000000,22.544400635,36650.000000000,2746.379313448,0.250000000,0.500000000,7.250000000,11.206396983,0.000000000,0.000000000,0.000000000,0.000000000,0.250000000,0.500000000,7.250000000,11.206396983,0.022549072,0.035414526
2870,4,383.250000000,17.153716798,364.750000000,4.573474245,340.250000000,4.349329450,41050.500000000,575.603161909,0.000000000,0.000000000,18.500000000,17.897858345,0.000000000,0.000000000,0.000000000,0.000000000,0.000000000,0.000000000,18.500000000,17.897858345,0.046871217,0.043083738
3092,4,409.250000000,21.929812281,400.500000000,15.695009823,378.250000000,17.173137939,45579.000000000,2071.423986859,0.250000000,0.500000000,8.500000000,11.387127235,0.000000000,0.000000000,0.000000000,0.000000000,0.250000000,0.500000000,8.500000000,11.387127235,0.020641224,0.025840755
3315,4,421.000000000,18.565200421,407.250000000,16.398678809,380.250000000,15.195942441,46048.250000000,1911.040270812,0.000000000,0.000000000,13.750000000,5.123475383,0.000000000,0.000000000,0.000000000,0.000000000,0.000000000,0.000000000,13.750000000,5.123475383,0.032501201,0.011091375
3537,4,446.500000000,13.304134696,428.500000000,25.317977802,403.000000000,30.735430153,48799.250000000,3609.985260819,0.250000000,0.500000000,17.750000000,13.841363131,0.000000000,0.000000000,0.000000000,0.000000000,0.250000000,0.500000000,17.750000000,13.841363131,0.040839128,0.033439594
3760,4,471.000000000,25.232254490,451.250000000,29.386788415,426.500000000,26.108746938,51551.000000000,3173.616338921,0.500000000,0.577350269,19.250000000,14.291605928,0.000000000,0.000000000,0.000000000,0.000000000,0.500000000,0.577350269,19.250000000,14.291605928,0.042063493,0.029729658
3982,4,514.750000000,14.637281168,507.250000000,18.209429792,482.000000000,13.735598519,58379.000000000,1795.185227212,0.250000000,0.500000000,7.250000000,6.396613687,0.000000000,0.000000000,0.000000000,0.000000000,0.250000000,0.500000000,7.250000000,6.396613687,0.014694829,0.012270047
4204,4,572.250000000,33.260336739,556.250000000,29.364093720,524.750000000,22.081289214,63717.250000000,2811.023701430,0.000000000,0.000000000,16.000000000,8.366600265,0.000000000,0.000000000,0.000000000,0.000000000,0.000000000,0.000000000,16.000000000,8.366600265,0.027662856,0.013870559
4427,4,575.000000000,18.384776311,547.250000000,37.455529187,524.250000000,29.021543722,63547.000000000,3815.930380217,0.250000000,0.500000000,27.500000000,28.815505086,0.000000000,0.000000000,0.000000000,0.000000000,0.250000000,0.500000000,27.500000000,28.815505086,0.048569086,0.049694397
4649,4,600.000000000,35.870136140,562.500000000,30.751693720,531.500000000,34.770677301,64425.750000000,4126.171217566,0.000000000,0.000000000,37.500000000,8.346656017,0.000000000,0.000000000,0.000000000,0.000000000,0.000000000,0.000000000,37.500000000,8.346656017,0.062215556,0.012022738
4872,4,612.500000000,16.441816607,574.000000000,17.146428199,544.750000000,13.744695947,66012.250000000,1717.479815505,0.500000000,0.577350269,38.000000000,11.604596790,0.000000000,0.000000000,0.000000000,0.000000000,0.500000000,0.577350269,38.000000000,11.604596790,0.062772825,0.018455718
5094,4,655.750000000,17.727097901,593.250000000,35.424802987,564.000000000,36.596903330,68425.500000000,4474.316446863,0.500000000,0.577350269,62.000000000,21.587033145,0.000000000,0.000000000,0.000000000,0.000000000,0.500000000,0.577350269,62.000000000,21.587033145,0.095791310,0.033903347
5317,4,685.750000000,25.940637360,655.000000000,29.086079144,625.000000000,27.916542288,75862.750000000,3406.283739894,0.250000000,0.500000000,30.500000000,19.261360284,0.000000000,0.000000000,0.000000000,0.000000000,0.250000000,0.500000000,30.500000000,19.261360284,0.044741318,0.027271491
5539,4,709.750000000,26.600438593,654.250000000,31.180923655,621.500000000,27.452990123,75413.000000000,3445.012723731,0.500000000,0.577350269,55.000000000,26.695817400,0.000000000,0.000000000,0.000000000,0.000000000,0.500000000,0.577350269,55.000000000,26.695817400,0.077950187,0.036714536
5762,4,737.250000000,19.448650339,673.000000000,19.544820286,643.250000000,24.662724910,77923.250000000,2765.734787840,0.250000000,0.500000000,64.000000000,12.192894105,0.000000000,0.000000000,0.000000000,0.000000000,0.250000000,0.500000000,64.000000000,12.192894105,0.087093590,0.016385711
5984,4,764.500000000,13.203534880,704.250000000,14.430869690,663.750000000,21.281838893,80917.000000000,2412.035792990,1.000000000,0.816496581,59.250000000,27.932955447,0.000000000,0.000000000,0.000000000,0.000000000,1.000000000,0.816496581,59.250000000,27.932955447,0.078363913,0.034695260
6207,4,789.000000000,25.298221281,696.250000000,35.188776620,657.750000000,30.728651126,79866.250000000,3954.445884065,0.500000000,0.577350269,92.250000000,17.231270025,0.000000000,0.000000000,0.000000000,0.000000000,0.500000000,0.577350269,92.250000000,17.231270025,0.117817138,0.023645517
6429,4,814.000000000,29.086079144,730.000000000,21.648710508,695.500000000,21.110818711,84450.500000000,2436.901653056,0.250000000,0.500000000,83.750000000,20.854655755,0.000000000,0.000000000,0.000000000,0.000000000,0.250000000,0.500000000,83.750000000,20.854655755,0.102838884,0.023366363
6652,4,848.750000000,10.372238588,760.000000000,29.337120968,715.250000000,33.320414163,87196.750000000,4065.230487521,0.500000000,0.577350269,88.250000000,22.081289214,0.000000000,0.000000000,0.000000000,0.000000000,0.500000000,0.577350269,88.250000000,22.081289214,0.104701587,0.027325146
6874,4,882.500000000,28.349015268,786.750000000,19.465781943,745.500000000,21.236760582,90912.500000000,2542.874554515,1.000000000,2.000000000,94.750000000,14.008925726,0.000000000,0.000000000,0.000000000,0.000000000,1.000000000,2.000000000,94.750000000,14.008925726,0.108272244,0.014073578
7097,4,889.750000000,26.737925624,775.500000000,31.331560234,730.500000000,37.536648758,89075.750000000,4589.013283557,1.500000000,1.290994449,112.750000000,32.170120713,0.000000000,0.000000000,0.000000000,0.000000000,1.500000000,1.290994449,112.750000000,32.170120713,0.128111822,0.034787181
7319,4,901.500000000,38.785736210,801.750000000,16.028620236,760.250000000,14.476993242,92469.000000000,1744.815367501,0.750000000,0.500000000,99.000000000,33.075670817,0.000000000,0.000000000,0.000000000,0.000000000,0.750000000,0.500000000,99.000000000,33.075670817,0.109693597,0.032966179
7542,4,968.500000000,17.990738358,815.500000000,17.540429489,772.000000000,16.020819788,94176.500000000,1997.128688893,0.500000000,0.577350269,152.500000000,31.203632267,0.000000000,0.000000000,0.000000000,0.000000000,0.500000000,0.577350269,152.500000000,31.203632267,0.157614974,0.030056670
7764,4,989.750000000,51.253455168,849.750000000,48.479377059,803.500000000,45.214304521,98306.500000000,5529.119791311,2.000000000,1.414213562,138.000000000,47.532445059,0.000000000,0.000000000,0.000000000,0.000000000,2.000000000,1.414213562,138.000000000,47.532445059,0.140780297,0.043175354
7987,4,1026.500000000,21.563858653,851.000000000,43.466462167,805.000000000,38.270963754,98003.500000000,4800.880509518,1.500000000,1.000000000,174.000000000,51.871636437,0.000000000,0.000000000,0.000000000,0.000000000,1.500000000,1.000000000,174.000000000,51.871636437,0.170535680,0.049399701
8209,4,1030.000000000,27.349588662,861.000000000,26.658332031,814.000000000,21.587033145,99375.750000000,3044.982361744,0.750000000,0.957427108,168.250000000,5.737304826,0.000000000,0.000000000,0.000000000,0.000000000,0.750000000,0.957427108,168.250000000,5.737304826,0.164137452,0.006392193
8431,4,1101.000000000,22.405356502,938.000000000,54.723547643,880.500000000,51.881274721,107490.500000000,6442.159705151,1.250000000,1.500000000,161.750000000,71.848799572,0.000000000,0.000000000,0.000000000,0.000000000,1.250000000,1.500000000,161.750000000,71.848799572,0.147260785,0.063389710
8654,4,1128.750000000,30.598202562,1000.500000000,58.523499554,940.500000000,54.200246002,114911.000000000,6612.954004578,0.500000000,0.577350269,127.750000000,31.700420607,0.000000000,0.000000000,0.000000000,0.000000000,0.500000000,0.577350269,127.750000000,31.700420607,0.114117251,0.029507938
8876,4,1114.250000000,33.149912016,980.000000000,35.364765893,918.250000000,32.724863127,112129.000000000,3847.327470682,2.250000000,1.258305739,132.000000000,28.460498942,0.000000000,0.000000000,0.000000000,0.000000000,2.250000000,1.258305739,132.000000000,28.460498942,0.120350149,0.025015265
9099,4,1176.500000000,37.509998667,899.250000000,34.548275403,840.750000000,31.383382014,102876.250000000,3881.137752000,1.750000000,1.258305739,275.500000000,50.236109191,0.000000000,0.000000000,0.000000000,0.000000000,1.750000000,1.258305739,275.500000000,50.236109191,0.235121020,0.036271065
9321,4,1181.000000000,3.559026084,942.750000000,64.422433981,878.750000000,64.054013666,107408.250000000,7946.516359387,0.750000000,0.957427108,237.500000000,60.610780119,0.000000000,0.000000000,0.000000000,0.000000000,0.750000000,0.957427108,237.500000000,60.610780119,0.201852770,0.052152515
9544,4,1208.500000000,31.543620591,988.750000000,53.356505383,930.000000000,46.281745862,113677.250000000,5861.684420881,1.750000000,1.500000000,218.000000000,51.542862422,0.000000000,0.000000000,0.000000000,0.000000000,1.750000000,1.500000000,218.000000000,51.542862422,0.181720238,0.042591017
9766,4,1250.500000000,41.701318924,1036.500000000,77.203195098,963.000000000,66.412850162,118041.500000000,8153.599062173,3.500000000,3.109126351,210.500000000,35.967577993,0.000000000,0.000000000,0.000000000,0.000000000,3.500000000,3.109126351,210.500000000,35.967577993,0.171960032,0.034181959
9989,4,1290.000000000,22.375581929,1060.000000000,73.334848469,980.000000000,58.109092805,120398.250000000,7385.246029529,2.750000000,0.957427108,227.250000000,54.981057344,0.000000000,0.000000000,0.000000000,0.000000000,2.750000000,0.957427108,227.250000000,54.981057344,0.178766838,0.043827973
10211,4,1297.750000000,28.570089254,1017.500000000,37.224543875,943.000000000,29.337120968,115940.750000000,3458.960091800,2.500000000,1.732050808,277.750000000,26.462237245,0.000000000,0.000000000,0.000000000,0.000000000,2.500000000,1.732050808,277.750000000,26.462237245,0.215982992,0.021475267
10434,4,1315.750000000,22.691775309,1078.500000000,121.253178652,1001.500000000,120.034717200,123149.750000000,14527.475311170,1.000000000,1.154700538,236.250000000,127.685485993,0.000000000,0.000000000,0.000000000,0.000000000,1.000000000,1.154700538,236.250000000,127.685485993,0.179842527,0.096058327
10656,4,1386.500000000,19.570385791,991.250000000,119.962146808,915.500000000,115.205613289,112621.500000000,13977.320809082,3.000000000,1.414213562,392.250000000,107.077464171,0.000000000,0.000000000,0.000000000,0.000000000,3.000000000,1.414213562,392.250000000,107.077464171,0.285623018,0.080400503
10879,4,1375.250000000,18.625699092,1116.000000000,79.267479671,1038.000000000,73.837659768,127685.500000000,9308.477516042,1.500000000,1.290994449,257.750000000,63.078654604,0.000000000,0.000000000,0.000000000,0.000000000,1.500000000,1.290994449,257.750000000,63.078654604,0.188918452,0.048491025
11101,4,1413.750000000,25.513068547,1103.250000000,66.248899362,1023.500000000,63.950501692,125896.500000000,7630.117539505,2.500000000,1.290994449,308.000000000,78.345389143,0.000000000,0.000000000,0.000000000,0.000000000,2.500000000,1.290994449,308.000000000,78.345389143,0.219209522,0.053752967
11324,4,1462.250000000,64.773322698,1063.750000000,107.351059613,976.750000000,98.388261495,120253.250000000,12279.599542195,2.750000000,1.707825128,395.750000000,70.329581259,0.000000000,0.000000000,0.000000000,0.000000000,2.750000000,1.707825128,395.750000000,70.329581259,0.273334507,0.050548907
11546,4,1500.000000000,28.142494559,1086.000000000,47.109800820,1001.000000000,43.027123229,123243.750000000,5107.970071369,4.750000000,0.957427108,409.250000000,33.688524258,0.000000000,0.000000000,0.000000000,0.000000000,4.750000000,0.957427108,409.250000000,33.688524258,0.276108099,0.023905784
11769,4,1502.000000000,23.846732830,1139.500000000,67.614101093,1047.500000000,69.192966887,129334.750000000,8451.377890616,3.500000000,1.000000000,359.000000000,61.411182478,0.000000000,0.000000000,0.000000000,0.000000000,3.500000000,1.000000000,359.000000000,61.411182478,0.241446993,0.041438082
11991,4,1552.000000000,21.244607159,1156.250000000,46.313245046,1069.750000000,47.478942701,131772.000000000,5717.484470173,2.250000000,0.500000000,393.500000000,46.543886100,0.000000000,0.000000000,0.000000000,0.000000000,2.250000000,0.500000000,393.500000000,46.543886100,0.254950168,0.029871375
12213,4,1563.250000000,56.168644871,1135.250000000,50.381048024,1047.500000000,41.653331199,128960.250000000,5297.719532969,2.750000000,1.707825128,425.250000000,40.557572248,0.000000000,0.000000000,0.000000000,0.000000000,2.750000000,1.707825128,425.250000000,40.557572248,0.273720228,0.022446671
12436,4,1597.250000000,59.297976357,1216.000000000,57.218878004,1122.000000000,46.776062254,138122.500000000,5872.053502254,4.250000000,2.061552813,377.000000000,79.351538527,0.000000000,0.000000000,0.000000000,0.000000000,4.250000000,2.061552813,377.000000000,79.351538527,0.237972184,0.043391835
12658,4,1636.250000000,49.915762374,1188.250000000,53.618249381,1090.500000000,40.934907679,134813.250000000,5439.763436952,5.500000000,1.290994449,442.500000000,39.644251370,0.000000000,0.000000000,0.000000000,0.000000000,5.500000000,1.290994449,442.500000000,39.644251370,0.273806939,0.023245525
12881,4,1696.000000000,41.012193309,1191.500000000,135.829550050,1086.000000000,123.765908068,134049.250000000,15485.689939963,1.500000000,1.290994449,503.000000000,102.218719747,0.000000000,0.000000000,0.000000000,0.000000000,1.500000000,1.290994449,503.000000000,102.218719747,0.298450159,0.065005597
13103,4,1662.500000000,47.613023428,1155.750000000,70.599220959,1064.750000000,69.892178866,131030.250000000,8358.363411378,4.750000000,1.500000000,502.000000000,70.099928673,0.000000000,0.000000000,0.000000000,0.000000000,4.750000000,1.500000000,502.000000000,70.099928673,0.304725812,0.040339052
13326,4,1727.250000000,40.532908441,1136.750000000,96.115815556,1043.750000000,84.724553702,128797.250000000,10450.400674137,5.000000000,1.414213562,585.500000000,58.994350012,0.000000000,0.000000000,0.000000000,0.000000000,5.000000000,1.414213562,585.500000000,58.994350012,0.342536561,0.042458029
13548,4,1697.250000000,64.085229708,1159.000000000,89.289790383,1064.750000000,87.125866806,131404.750000000,10570.908708180,1.500000000,1.290994449,536.750000000,39.246018906,0.000000000,0.000000000,0.000000000,0.000000000,1.500000000,1.290994449,536.750000000,39.246018906,0.317777968,0.030812421
13771,4,1771.250000000,57.823726387,1217.250000000,35.065415060,1116.750000000,51.031852798,137774.250000000,5411.611674600,5.250000000,1.707825128,548.750000000,40.061411192,0.000000000,0.000000000,0.000000000,0.000000000,5.250000000,1.707825128,548.750000000,40.061411192,0.312566045,0.016135973
13993,4,1785.500000000,50.335540790,1297.000000000,23.986107090,1179.250000000,23.753947040,146299.750000000,2946.602832076,5.000000000,2.160246899,483.500000000,70.467486593,0.000000000,0.000000000,0.000000000,0.000000000,5.000000000,2.160246899,483.500000000,70.467486593,0.272917224,0.032891882
14216,4,1824.500000000,33.965668942,1279.500000000,80.210140672,1160.250000000,65.961478657,143923.500000000,8774.360014649,6.750000000,2.629955640,538.250000000,83.551880091,0.000000000,0.000000000,0.000000000,0.000000000,6.750000000,2.629955640,538.250000000,83.551880091,0.298602793,0.044294907
14438,4,1852.500000000,42.759014644,1338.750000000,74.190632832,1215.500000000,72.693420152,150520.250000000,8607.604404440,6.000000000,2.000000000,507.750000000,76.808745162,0.000000000,0.000000000,0.000000000,0.000000000,6.000000000,2.000000000,507.750000000,76.808745162,0.277172731,0.040798635
14661,4,1884.500000000,31.331560234,1281.000000000,62.209324060,1166.000000000,60.171975758,144753.500000000,7235.389392885,6.750000000,1.892969449,596.750000000,89.760329025,0.000000000,0.000000000,0.000000000,0.000000000,6.750000000,1.892969449,596.750000000,89.760329025,0.319753716,0.042957867
14883,4,1932.250000000,26.170912607,1333.000000000,122.765358849,1207.500000000,111.386713750,150165.750000000,14289.741410653,6.500000000,3.872983346,592.750000000,100.669012114,0.000000000,0.000000000,0.000000000,0.000000000,6.500000000,3.872983346,592.750000000,100.669012114,0.310673292,0.054081854
15106,4,1944.000000000,42.158431343,1274.250000000,107.005840962,1149.500000000,90.923044384,142540.750000000,11332.181795665,6.000000000,2.708012802,663.750000000,127.784649574,0.000000000,0.000000000,0.000000000,0.000000000,6.000000000,2.708012802,663.750000000,127.784649574,0.344015646,0.060356127
15328,4,1958.000000000,29.359836512,1134.000000000,155.475614379,1021.250000000,133.502496856,126762.250000000,16748.720933751,4.500000000,4.041451884,819.500000000,130.936371316,0.000000000,0.000000000,0.000000000,0.000000000,4.500000000,4.041451884,819.500000000,130.936371316,0.421537475,0.071775645
15551,4,1980.250000000,56.293131612,1225.000000000,71.865615329,1101.500000000,52.905576266,136913.750000000,7119.931243816,8.000000000,1.632993162,747.250000000,46.678867453,0.000000000,0.000000000,0.000000000,0.000000000,8.000000000,1.632993162,747.250000000,46.678867453,0.381595275,0.026285445
15773,4,1999.000000000,17.185265006,1186.250000000,93.599768518,1065.750000000,83.591765942,132634.250000000,10321.371755569,7.250000000,1.892969449,805.500000000,94.507495294,0.000000000,0.000000000,0.000000000,0.000000000,7.250000000,1.892969449,805.500000000,94.507495294,0.406526933,0.047146222
15996,4,2035.500000000,41.581245773,1227.750000000,115.598082452,1104.750000000,101.945655458,137527.750000000,12981.581500341,7.500000000,3.696845502,800.250000000,122.167576168,0.000000000,0.000000000,0.000000000,0.000000000,7.500000000,3.696845502,800.250000000,122.167576168,0.396700395,0.056534990
16218,4,2067.500000000,20.920484379,1249.500000000,114.509097164,1122.000000000,105.403984744,139783.250000000,13232.851957030,9.000000000,1.632993162,809.000000000,130.468386976,0.000000000,0.000000000,0.000000000,0.000000000,9.000000000,1.632993162,809.000000000,130.468386976,0.395267349,0.059904354
16440,4,2111.250000000,26.887109675,1272.750000000,111.768734448,1142.250000000,93.471475150,142190.500000000,12236.564073846,5.750000000,2.061552813,832.750000000,87.910465816,0.000000000,0.000000000,0.000000000,0.000000000,5.750000000,2.061552813,832.750000000,87.910465816,0.397521157,0.046234906
16663,4,2119.500000000,47.176971784,1351.750000000,142.724384742,1203.750000000,126.857860090,150587.250000000,15828.900959427,7.750000000,3.403429643,760.000000000,114.804181109,0.000000000,0.000000000,0.000000000,0.000000000,7.750000000,3.403429643,760.000000000,114.804181109,0.362768779,0.058730722
16885,4,2168.500000000,60.577773702,1308.250000000,161.772216403,1163.500000000,145.277894625,145451.000000000,18052.082649933,8.750000000,6.020797289,851.500000000,139.691326383,0.000000000,0.000000000,0.000000000,0.000000000,8.750000000,6.020797289,851.500000000,139.691326383,0.397186037,0.068534004
17108,4,2167.500000000,44.911023146,1209.750000000,120.051030816,1075.250000000,115.436490476,134283.500000000,14534.918999889,10.750000000,3.403429643,947.000000000,141.546223310,0.000000000,0.000000000,0.000000000,0.000000000,10.750000000,3.403429643,947.000000000,141.546223310,0.441474292,0.058550309
17330,4,2171.000000000,19.200694432,1263.000000000,102.791050194,1126.500000000,92.845750217,140550.750000000,11766.036613207,6.750000000,0.957427108,901.250000000,86.365019925,0.000000000,0.000000000,0.000000000,0.000000000,6.750000000,0.957427108,901.250000000,86.365019925,0.418495387,0.042539493
17553,4,2258.000000000,30.408332191,1256.000000000,88.177850582,1121.750000000,72.926332693,139938.750000000,9305.457444425,14.000000000,2.828427125,988.000000000,80.112421009,0.000000000,0.000000000,0.000000000,0.000000000,14.000000000,2.828427125,988.000000000,80.112421009,0.443880183,0.035615785
17775,4,2301.000000000,18.018509002,1324.000000000,116.893113570,1179.750000000,111.104680369,147385.250000000,13788.829425178,9.250000000,2.500000000,967.750000000,124.631122384,0.000000000,0.000000000,0.000000000,0.000000000,9.250000000,2.500000000,967.750000000,124.631122384,0.424490762,0.052443169
17998,4,2262.500000000,63.584589328,1366.250000000,225.024998611,1216.500000000,212.779228310,152043.750000000,26542.130552199,10.000000000,5.099019514,886.250000000,205.297142373,0.000000000,0.000000000,0.000000000,0.000000000,10.000000000,5.099019514,886.250000000,205.297142373,0.396761102,0.091778690
18220,4,2306.500000000,69.907081186,1432.250000000,124.328529845,1270.000000000,125.557423782,159302.000000000,15242.449562543,13.250000000,2.629955640,861.000000000,176.803091979,0.000000000,0.000000000,0.000000000,0.000000000,13.250000000,2.629955640,861.000000000,176.803091979,0.377815994,0.067155972
18443,4,2329.750000000,25.078210994,1236.750000000,65.428714390,1089.500000000,50.810103982,136681.250000000,6896.587580101,12.250000000,4.031128874,1080.750000000,53.680381270,0.000000000,0.000000000,0.000000000,0.000000000,12.250000000,4.031128874,1080.750000000,53.680381270,0.469257695,0.024525632
18665,4,2340.000000000,45.949247364,1173.500000000,63.163808203,1041.500000000,55.848008022,129972.750000000,7028.547947478,7.500000000,2.081665999,1159.000000000,79.979163953,0.000000000,0.000000000,0.000000000,0.000000000,7.500000000,2.081665999,1159.000000000,79.979163953,0.498337464,0.029660210
18888,4,2447.000000000,63.419239983,1295.500000000,125.776256371,1138.000000000,113.853707303,143040.250000000,13944.049420810,10.750000000,3.862210075,1140.750000000,100.294150710,0.000000000,0.000000000,0.000000000,0.000000000,10.750000000,3.862210075,1140.750000000,100.294150710,0.470882931,0.044335122
19110,4,2410.250000000,38.395963329,1350.000000000,128.698614341,1186.250000000,119.644960891,149372.750000000,14492.571347073,14.000000000,4.242640687,1046.250000000,114.825592385,0.000000000,0.000000000,0.000000000,0.000000000,14.000000000,4.242640687,1046.250000000,114.825592385,0.440077214,0.049951424
19333,4,2480.750000000,79.579624695,1353.500000000,197.008460055,1185.250000000,170.002696057,148943.000000000,21639.449114984,12.500000000,1.000000000,1114.750000000,176.106738467,0.000000000,0.000000000,0.000000000,0.000000000,12.500000000,1.000000000,1114.750000000,176.106738467,0.454877190,0.073351326
19555,4,2515.500000000,55.018178814,1406.250000000,111.616531034,1235.250000000,102.079625783,155489.000000000,12419.592961661,13.250000000,5.123475383,1096.000000000,107.570132162,0.000000000,0.000000000,0.000000000,0.000000000,13.250000000,5.123475383,1096.000000000,107.570132162,0.440938810,0.043217277
19778,4,2516.500000000,30.347981811,1361.250000000,48.279567797,1199.250000000,46.291647915,150336.000000000,5779.638973731,13.750000000,2.986078811,1141.500000000,56.151580565,0.000000000,0.000000000,0.000000000,0.000000000,13.750000000,2.986078811,1141.500000000,56.151580565,0.459015633,0.020131681
20000,4,2578.750000000,43.964948159,1284.250000000,87.014845477,1123.250000000,71.126061796,141347.250000000,8953.297767676,12.750000000,3.862210075,1281.750000000,67.128607910,0.000000000,0.000000000,0.000000000,0.000000000,12.750000000,3.862210075,1281.750000000,67.128607910,0.502156701,0.028566787
