rate_hz_per_channel,repeats,generated_total_mean,generated_total_std,accepted_total_mean,accepted_total_std,sent_total_mean,sent_total_std,busy_counter_total_mean,busy_counter_total_std,full_counter_total_mean,full_counter_total_std,spacing_counter_total_mean,spacing_counter_total_std,queue_counter_total_mean,queue_counter_total_std,ring_counter_total_mean,ring_counter_total_std,output_counter_total_mean,output_counter_total_std,dead_fraction_mean,dead_fraction_std
200,5,25.400000000,3.646916506,25.400000000,3.646916506,5.400000000,2.607680962,0.000000000,0.000000000,0.000000000,0.000000000,0.000000000,0.000000000,0.000000000,0.000000000,0.000000000,0.000000000,0.000000000,0.000000000,0.000000000,0.000000000
366,5,40.200000000,7.190271205,40.200000000,7.190271205,18.200000000,5.718391382,0.000000000,0.000000000,0.000000000,0.000000000,0.000000000,0.000000000,0.000000000,0.000000000,0.000000000,0.000000000,0.000000000,0.000000000,0.000000000,0.000000000
533,5,74.200000000,13.682105101,74.000000000,13.729530218,44.000000000,10.464224768,0.200000000,0.447213595,0.000000000,0.000000000,0.200000000,0.447213595,0.000000000,0.000000000,0.000000000,0.000000000,0.000000000,0.000000000,0.002777778,0.006211300
699,5,89.000000000,10.908712115,88.400000000,11.414902540,57.200000000,9.093954036,0.600000000,0.547722558,0.000000000,0.000000000,0.600000000,0.547722558,0.000000000,0.000000000,0.000000000,0.000000000,0.000000000,0.000000000,0.007373442,0.006760917
866,5,109.800000000,11.519548602,109.200000000,10.779610383,78.000000000,11.661903790,0.600000000,0.894427191,0.000000000,0.000000000,0.600000000,0.894427191,0.000000000,0.000000000,0.000000000,0.000000000,0.000000000,0.000000000,0.004949944,0.007279290
1032,5,126.400000000,9.289779330,125.000000000,9.924716621,97.000000000,9.273618495,1.400000000,0.894427191,0.000000000,0.000000000,1.400000000,0.894427191,0.000000000,0.000000000,0.000000000,0.000000000,0.000000000,0.000000000,0.011423639,0.008206759
1198,5,146.800000000,16.146206985,145.200000000,16.161683081,119.600000000,17.067513000,1.400000000,1.516575089,0.200000000,0.447213595,1.400000000,1.516575089,0.000000000,0.000000000,0.000000000,0.000000000,0.200000000,0.447213595,0.010941322,0.009520602
1365,5,183.400000000,14.328293688,181.000000000,12.845232579,153.200000000,13.405222863,2.000000000,2.345207880,0.400000000,0.547722558,2.000000000,2.345207880,0.000000000,0.000000000,0.000000000,0.000000000,0.400000000,0.547722558,0.012618064,0.013804152
1531,5,196.800000000,6.833739825,194.400000000,6.949820142,174.400000000,9.289779330,2.400000000,0.894427191,0.000000000,0.000000000,2.400000000,0.894427191,0.000000000,0.000000000,0.000000000,0.000000000,0.000000000,0.000000000,0.012212968,0.004594110
1697,5,219.400000000,8.234075540,216.000000000,7.745966692,191.000000000,8.306623863,3.200000000,1.483239697,0.200000000,0.447213595,3.200000000,1.483239697,0.000000000,0.000000000,0.000000000,0.000000000,0.200000000,0.447213595,0.015429619,0.006855273
1864,5,236.600000000,12.381437719,232.200000000,10.281050530,211.000000000,11.000000000,3.400000000,2.408318916,1.000000000,1.000000000,3.400000000,2.408318916,0.000000000,0.000000000,0.000000000,0.000000000,1.000000000,1.000000000,0.018222615,0.012061669
2030,5,265.200000000,10.686440006,260.200000000,11.344602241,238.600000000,9.762171889,4.600000000,2.509980080,0.400000000,0.894427191,4.600000000,2.509980080,0.000000000,0.000000000,0.000000000,0.000000000,0.400000000,0.894427191,0.018901060,0.012778254
2197,5,283.800000000,7.120393248,278.000000000,6.892024376,258.000000000,4.527692569,4.800000000,1.923538406,1.000000000,1.000000000,4.800000000,1.923538406,0.000000000,0.000000000,0.000000000,0.000000000,1.000000000,1.000000000,0.020411149,0.006668090
2363,5,314.600000000,14.117365193,308.600000000,13.408952233,293.600000000,12.895735729,5.400000000,1.816590212,0.600000000,0.547722558,5.400000000,1.816590212,0.000000000,0.000000000,0.000000000,0.000000000,0.600000000,0.547722558,0.019011674,0.006118886
2529,5,320.400000000,17.038192392,315.000000000,13.928388277,295.600000000,12.700393695,5.000000000,3.535533906,0.400000000,0.547722558,5.000000000,3.535533906,0.000000000,0.000000000,0.000000000,0.000000000,0.400000000,0.547722558,0.016490421,0.009717084
2696,5,354.000000000,21.691011963,344.200000000,17.484278653,329.200000000,18.157643019,8.600000000,3.847076812,1.200000000,1.643167673,8.600000000,3.847076812,0.000000000,0.000000000,0.000000000,0.000000000,1.200000000,1.643167673,0.027147195,0.013204487
2862,5,358.800000000,19.305439648,350.000000000,16.733200531,331.800000000,15.514509338,8.200000000,2.489979920,0.600000000,0.894427191,8.200000000,2.489979920,0.000000000,0.000000000,0.000000000,0.000000000,0.600000000,0.894427191,0.024250564,0.006969452
3029,5,393.000000000,14.282856857,384.800000000,15.122830423,366.600000000,17.242389626,7.000000000,2.345207880,1.200000000,1.643167673,7.000000000,2.345207880,0.000000000,0.000000000,0.000000000,0.000000000,1.200000000,1.643167673,0.020930741,0.006910428
3195,5,414.200000000,23.477648945,400.600000000,24.439721766,384.800000000,24.570307283,11.800000000,2.280350850,1.800000000,1.303840481,11.800000000,2.280350850,0.000000000,0.000000000,0.000000000,0.000000000,1.800000000,1.303840481,0.033016943,0.007533733
3361,5,424.800000000,24.752777622,412.400000000,22.611943747,399.600000000,23.006520815,11.000000000,3.316624790,1.400000000,1.140175425,11.000000000,3.316624790,0.000000000,0.000000000,0.000000000,0.000000000,1.400000000,1.140175425,0.029025559,0.005667879
3528,5,455.600000000,15.043270921,441.400000000,14.275853740,428.400000000,13.296616111,12.600000000,4.774934555,1.600000000,0.894427191,12.600000000,4.774934555,0.000000000,0.000000000,0.000000000,0.000000000,1.600000000,0.894427191,0.031110872,0.009754620
3694,5,468.200000000,10.084641788,454.200000000,11.649034295,441.800000000,13.160547101,13.200000000,3.492849839,0.800000000,0.447213595,13.200000000,3.492849839,0.000000000,0.000000000,0.000000000,0.000000000,0.800000000,0.447213595,0.029946419,0.008203031
3861,5,495.000000000,26.523574420,474.200000000,26.233566284,462.600000000,29.108418026,17.800000000,2.949576241,3.000000000,1.870828693,17.800000000,2.949576241,0.000000000,0.000000000,0.000000000,0.000000000,3.000000000,1.870828693,0.042083968,0.004481989
4027,5,516.800000000,22.432119828,497.800000000,20.315019075,484.000000000,16.537835409,17.800000000,3.701351105,1.200000000,1.643167673,17.800000000,3.701351105,0.000000000,0.000000000,0.000000000,0.000000000,1.200000000,1.643167673,0.036660278,0.007222269
4193,5,535.400000000,9.813256340,514.400000000,11.371015786,503.600000000,12.521980674,19.200000000,3.420526275,1.800000000,0.836660027,19.200000000,3.420526275,0.000000000,0.000000000,0.000000000,0.000000000,1.800000000,0.836660027,0.039265629,0.006195627
4360,5,557.600000000,16.531787562,535.000000000,12.806248475,523.400000000,14.046351840,20.600000000,4.449719092,2.000000000,1.000000000,20.600000000,4.449719092,0.000000000,0.000000000,0.000000000,0.000000000,2.000000000,1.000000000,0.040392183,0.006530540
4526,5,570.200000000,24.221890925,546.600000000,23.586012804,536.800000000,25.063918289,21.200000000,2.588435821,2.400000000,1.140175425,21.200000000,2.588435821,0.000000000,0.000000000,0.000000000,0.000000000,2.400000000,1.140175425,0.041406181,0.002940206
4692,5,592.400000000,38.181147180,566.800000000,32.660373543,557.400000000,34.238866804,22.400000000,5.941380311,3.200000000,2.167948339,22.400000000,5.941380311,0.000000000,0.000000000,0.000000000,0.000000000,3.200000000,2.167948339,0.042863781,0.009311428
4859,5,609.400000000,10.064790112,583.000000000,5.787918451,574.400000000,5.224940191,23.200000000,4.919349550,3.200000000,1.303840481,23.200000000,4.919349550,0.000000000,0.000000000,0.000000000,0.000000000,3.200000000,1.303840481,0.043233812,0.007128087
5025,5,630.600000000,24.223955086,604.200000000,27.197426349,595.400000000,25.851498989,23.000000000,4.301162634,3.400000000,1.516575089,23.000000000,4.301162634,0.000000000,0.000000000,0.000000000,0.000000000,3.400000000,1.516575089,0.042051957,0.009234694
5192,5,647.200000000,40.245496642,621.600000000,41.764817730,612.800000000,39.417001408,21.600000000,6.804410334,4.000000000,3.240370349,21.600000000,6.804410334,0.000000000,0.000000000,0.000000000,0.000000000,4.000000000,3.240370349,0.039749168,0.009875878
5358,5,696.000000000,25.739075352,663.600000000,26.101724081,657.600000000,24.764894508,27.600000000,2.701851217,4.800000000,1.303840481,27.600000000,2.701851217,0.000000000,0.000000000,0.000000000,0.000000000,4.800000000,1.303840481,0.046609756,0.005010764
5524,5,709.400000000,30.835044998,673.200000000,31.979681049,667.000000000,34.935655139,33.200000000,5.761944116,3.000000000,1.870828693,33.200000000,5.761944116,0.000000000,0.000000000,0.000000000,0.000000000,3.000000000,1.870828693,0.051150346,0.006471145
5691,5,734.000000000,27.973201461,694.400000000,30.038308874,688.200000000,26.938819573,35.600000000,7.602631123,4.000000000,3.674234614,35.600000000,7.602631123,0.000000000,0.000000000,0.000000000,0.000000000,4.000000000,3.674234614,0.054040067,0.012083220
5857,5,757.800000000,38.473367412,715.400000000,36.211876505,704.800000000,37.738574430,37.200000000,8.074651695,5.200000000,2.280350850,37.200000000,8.074651695,0.000000000,0.000000000,0.000000000,0.000000000,5.200000000,2.280350850,0.055916735,0.007693586
6024,5,764.800000000,31.467443493,725.000000000,26.627053911,716.400000000,27.951744132,35.000000000,5.656854249,4.800000000,0.836660027,35.000000000,5.656854249,0.000000000,0.000000000,0.000000000,0.000000000,4.800000000,0.836660027,0.051905084,0.004734937
6190,5,772.800000000,17.655027613,732.600000000,19.679939024,725.800000000,22.443261795,35.600000000,5.412947441,4.600000000,0.547722558,35.600000000,5.412947441,0.000000000,0.000000000,0.000000000,0.000000000,4.600000000,0.547722558,0.052069397,0.007543312
6356,5,787.200000000,27.833433134,747.600000000,27.898028604,743.800000000,24.468346900,34.800000000,6.572670690,4.800000000,2.949576241,34.800000000,6.572670690,0.000000000,0.000000000,0.000000000,0.000000000,4.800000000,2.949576241,0.050338703,0.007402491
6523,5,856.800000000,28.865203966,801.800000000,21.300234740,795.800000000,23.962470657,47.400000000,7.469939759,7.600000000,2.073644135,47.400000000,7.469939759,0.000000000,0.000000000,0.000000000,0.000000000,7.600000000,2.073644135,0.064007218,0.008102422
6689,5,839.000000000,28.705400189,783.600000000,29.929918142,779.800000000,33.176799122,48.400000000,5.639148872,7.000000000,2.549509757,48.400000000,5.639148872,0.000000000,0.000000000,0.000000000,0.000000000,7.000000000,2.549509757,0.066116988,0.007324411
6855,5,845.000000000,17.291616466,795.200000000,17.612495564,789.200000000,15.417522499,43.400000000,2.701851217,6.400000000,4.393176527,43.400000000,2.701851217,0.000000000,0.000000000,0.000000000,0.000000000,6.400000000,4.393176527,0.058948776,0.005768448
7022,5,921.000000000,20.469489490,863.000000000,20.211382931,857.800000000,20.042454939,48.800000000,7.726577509,9.200000000,5.069516742,48.800000000,7.726577509,0.000000000,0.000000000,0.000000000,0.000000000,9.200000000,5.069516742,0.062981929,0.005673041
7188,5,902.800000000,3.898717738,848.200000000,5.019960159,846.200000000,3.898717738,47.200000000,2.588435821,7.400000000,4.505552130,47.200000000,2.588435821,0.000000000,0.000000000,0.000000000,0.000000000,7.400000000,4.505552130,0.060477098,0.004227147
7355,5,948.600000000,26.149569786,885.400000000,21.419617177,879.600000000,19.781304305,55.200000000,8.729261137,8.000000000,2.121320344,55.200000000,8.729261137,0.000000000,0.000000000,0.000000000,0.000000000,8.000000000,2.121320344,0.066514367,0.010022240
7521,5,957.200000000,27.824449680,890.600000000,30.753861546,885.200000000,39.015381582,58.800000000,2.167948339,7.800000000,4.969909456,58.800000000,2.167948339,0.000000000,0.000000000,0.000000000,0.000000000,7.800000000,4.969909456,0.069688729,0.006482843
7687,5,995.000000000,34.849677186,930.800000000,32.205589577,928.800000000,30.735972410,55.200000000,13.479614238,9.000000000,4.123105626,55.200000000,13.479614238,0.000000000,0.000000000,0.000000000,0.000000000,9.000000000,4.123105626,0.064457022,0.010913502
7854,5,992.400000000,34.033806722,927.000000000,31.575306808,920.800000000,32.259882207,57.000000000,5.787918451,8.400000000,3.435112807,57.000000000,5.787918451,0.000000000,0.000000000,0.000000000,0.000000000,8.400000000,3.435112807,0.065888614,0.003609195
8020,5,988.400000000,55.292856681,923.000000000,44.654227124,920.600000000,45.003333210,57.600000000,8.792041856,7.800000000,3.033150178,57.600000000,8.792041856,0.000000000,0.000000000,0.000000000,0.000000000,7.800000000,3.033150178,0.065835361,0.008199409
8187,5,1038.600000000,22.810085489,973.200000000,24.097717734,969.600000000,21.732464195,57.800000000,4.324349662,7.600000000,4.560701700,57.800000000,4.324349662,0.000000000,0.000000000,0.000000000,0.000000000,7.600000000,4.560701700,0.062999878,0.006866796
8353,5,1083.200000000,32.843568625,1003.600000000,30.558141305,999.200000000,29.886451780,68.000000000,4.582575695,11.600000000,3.209361307,68.000000000,4.582575695,0.000000000,0.000000000,0.000000000,0.000000000,11.600000000,3.209361307,0.073481794,0.004129597
8519,5,1093.800000000,28.119388329,1013.200000000,26.883080181,1013.400000000,26.302091172,68.800000000,11.966620241,11.800000000,4.438468204,68.800000000,11.966620241,0.000000000,0.000000000,0.000000000,0.000000000,11.800000000,4.438468204,0.073668865,0.009501387
8686,5,1115.200000000,41.457206852,1033.800000000,37.851023764,1030.000000000,35.489435048,69.000000000,3.937003937,12.400000000,2.190890230,69.000000000,3.937003937,0.000000000,0.000000000,0.000000000,0.000000000,12.400000000,2.190890230,0.072975301,0.002104684
8852,5,1129.400000000,45.274717006,1047.600000000,35.535897343,1043.600000000,36.889022757,71.400000000,8.619744776,10.400000000,1.673320053,71.400000000,8.619744776,0.000000000,0.000000000,0.000000000,0.000000000,10.400000000,1.673320053,0.072242294,0.005880730
9018,5,1147.400000000,26.959228476,1061.800000000,22.387496510,1060.400000000,22.040871126,75.400000000,6.804410334,10.200000000,4.868264578,75.400000000,6.804410334,0.000000000,0.000000000,0.000000000,0.000000000,10.200000000,4.868264578,0.074537910,0.007661849
9185,5,1164.800000000,39.644671773,1072.600000000,34.616470068,1073.000000000,33.369147427,79.400000000,5.504543578,12.800000000,7.259476565,79.400000000,5.504543578,0.000000000,0.000000000,0.000000000,0.000000000,12.800000000,7.259476565,0.079075667,0.008577847
9351,5,1195.200000000,39.321749707,1101.400000000,27.070278905,1098.200000000,26.138094804,78.000000000,11.423659659,15.800000000,3.420526275,78.000000000,11.423659659,0.000000000,0.000000000,0.000000000,0.000000000,15.800000000,3.420526275,0.078280184,0.007747677
9518,5,1211.200000000,10.059821072,1111.200000000,5.357238094,1109.600000000,7.700649323,86.600000000,7.469939759,13.400000000,3.209361307,86.600000000,7.469939759,0.000000000,0.000000000,0.000000000,0.000000000,13.400000000,3.209361307,0.082535737,0.004849511
9684,5,1239.000000000,15.459624834,1132.000000000,16.852299546,1129.800000000,17.224981858,93.600000000,6.387487769,13.400000000,2.607680962,93.600000000,6.387487769,0.000000000,0.000000000,0.000000000,0.000000000,13.400000000,2.607680962,0.086367001,0.006308313
9850,5,1257.400000000,16.241921069,1148.400000000,13.446189051,1144.800000000,16.976454282,94.600000000,5.899152482,14.400000000,2.302172887,94.600000000,5.899152482,0.000000000,0.000000000,0.000000000,0.000000000,14.400000000,2.302172887,0.086667482,0.004415941
10017,5,1281.600000000,31.253799769,1169.000000000,35.192328710,1167.800000000,33.116461164,95.400000000,6.804410334,17.200000000,3.633180425,95.400000000,6.804410334,0.000000000,0.000000000,0.000000000,0.000000000,17.200000000,3.633180425,0.087951097,0.007098603
10183,5,1299.400000000,40.783575125,1186.000000000,37.596542394,1185.600000000,36.834766186,97.000000000,8.306623863,16.400000000,4.505552130,97.000000000,8.306623863,0.000000000,0.000000000,0.000000000,0.000000000,16.400000000,4.505552130,0.087256968,0.007071038
10350,5,1284.000000000,36.407416827,1176.400000000,34.602023062,1175.200000000,33.040883765,91.000000000,4.690415760,16.600000000,4.098780306,91.000000000,4.690415760,0.000000000,0.000000000,0.000000000,0.000000000,16.600000000,4.098780306,0.083821728,0.001307437
10516,5,1352.200000000,35.527454173,1220.800000000,23.274449510,1218.200000000,23.530830840,109.800000000,10.109401565,21.600000000,5.983310121,109.800000000,10.109401565,0.000000000,0.000000000,0.000000000,0.000000000,21.600000000,5.983310121,0.097021065,0.009040093
10682,5,1370.200000000,31.893573020,1242.400000000,25.125684070,1241.600000000,27.898028604,111.000000000,7.348469228,16.800000000,3.271085447,111.000000000,7.348469228,0.000000000,0.000000000,0.000000000,0.000000000,16.800000000,3.271085447,0.093217009,0.003613837
10849,5,1407.200000000,15.801898620,1275.600000000,15.946786510,1273.400000000,16.592166827,113.600000000,6.503845017,18.000000000,4.847679857,113.600000000,6.503845017,0.000000000,0.000000000,0.000000000,0.000000000,18.000000000,4.847679857,0.093523837,0.003799479
11015,5,1374.000000000,39.376388864,1249.200000000,34.766363054,1249.800000000,33.581244765,106.400000000,7.829431652,18.400000000,4.615192304,106.400000000,7.829431652,0.000000000,0.000000000,0.000000000,0.000000000,18.400000000,4.615192304,0.090806184,0.004172302
11182,5,1432.200000000,23.541452801,1295.600000000,30.262187627,1293.200000000,26.752569970,114.800000000,6.610597552,21.800000000,7.259476565,114.800000000,6.610597552,0.000000000,0.000000000,0.000000000,0.000000000,21.800000000,7.259476565,0.095450840,0.007821885
11348,5,1456.800000000,25.023988491,1305.800000000,24.437675831,1303.800000000,23.889328161,127.400000000,8.561541917,23.600000000,2.880972058,127.400000000,8.561541917,0.000000000,0.000000000,0.000000000,0.000000000,23.600000000,2.880972058,0.103657443,0.005652343
11514,5,1457.400000000,29.381967259,1320.000000000,35.777087640,1319.400000000,37.620473150,116.800000000,13.663820842,20.600000000,5.594640292,116.800000000,13.663820842,0.000000000,0.000000000,0.000000000,0.000000000,20.600000000,5.594640292,0.094342819,0.010811628
11681,5,1521.800000000,43.234245686,1367.000000000,32.771939216,1368.400000000,36.239481232,133.200000000,20.017492350,21.600000000,3.646916506,133.200000000,20.017492350,0.000000000,0.000000000,0.000000000,0.000000000,21.600000000,3.646916506,0.101556901,0.013355664
11847,5,1519.000000000,38.535697736,1365.400000000,35.556996499,1362.000000000,33.354160160,128.600000000,3.847076812,25.000000000,2.738612788,128.600000000,3.847076812,0.000000000,0.000000000,0.000000000,0.000000000,25.000000000,2.738612788,0.101129751,0.001697159
12013,5,1533.000000000,20.359273072,1378.400000000,17.910890542,1378.600000000,18.955210365,127.000000000,6.324555320,27.600000000,3.049590136,127.000000000,6.324555320,0.000000000,0.000000000,0.000000000,0.000000000,27.600000000,3.049590136,0.100839262,0.003599309
12180,5,1565.000000000,16.792855624,1398.200000000,9.257429449,1399.000000000,10.653637876,137.400000000,11.148990986,29.400000000,4.722287581,137.400000000,11.148990986,0.000000000,0.000000000,0.000000000,0.000000000,29.400000000,4.722287581,0.106523525,0.008517585
12346,5,1560.400000000,35.571055649,1397.800000000,19.690099035,1396.800000000,20.825465181,136.200000000,13.881642554,26.400000000,5.770615219,136.200000000,13.881642554,0.000000000,0.000000000,0.000000000,0.000000000,26.400000000,5.770615219,0.104056011,0.008599058
12513,5,1616.400000000,32.230420413,1449.000000000,26.495282599,1447.000000000,24.586581706,141.800000000,17.469974242,25.600000000,8.018728079,141.800000000,17.469974242,0.000000000,0.000000000,0.000000000,0.000000000,25.600000000,8.018728079,0.103497134,0.010043004
12679,5,1624.000000000,54.635153519,1446.400000000,34.442706049,1446.000000000,38.229569707,146.600000000,13.520355025,31.000000000,9.669539803,146.600000000,13.520355025,0.000000000,0.000000000,0.000000000,0.000000000,31.000000000,9.669539803,0.109123893,0.009444409
12845,5,1642.400000000,53.125323528,1463.000000000,48.130032204,1464.800000000,49.317339750,149.200000000,4.604345773,30.200000000,8.899438185,149.200000000,4.604345773,0.000000000,0.000000000,0.000000000,0.000000000,30.200000000,8.899438185,0.109235544,0.004489819
13012,5,1660.200000000,34.281190178,1475.000000000,28.434134416,1474.000000000,28.521921394,155.000000000,15.984367363,30.200000000,4.549725266,155.000000000,15.984367363,0.000000000,0.000000000,0.000000000,0.000000000,30.200000000,4.549725266,0.111492753,0.009664280
13178,5,1686.000000000,30.008332176,1500.400000000,23.586012804,1501.600000000,25.363359399,155.000000000,12.429802895,30.600000000,4.219004622,155.000000000,12.429802895,0.000000000,0.000000000,0.000000000,0.000000000,30.600000000,4.219004622,0.110040758,0.006258220
13345,5,1719.600000000,54.802372211,1513.000000000,45.127596878,1512.800000000,44.499438199,172.200000000,20.191582405,34.400000000,2.701851217,172.200000000,20.191582405,0.000000000,0.000000000,0.000000000,0.000000000,34.400000000,2.701851217,0.120046497,0.010166910
13511,5,1735.600000000,32.454583652,1537.200000000,27.151427218,1536.800000000,26.724520576,165.200000000,13.217412757,33.200000000,2.683281573,165.200000000,13.217412757,0.000000000,0.000000000,0.000000000,0.000000000,33.200000000,2.683281573,0.114272857,0.007608529
13677,5,1754.200000000,42.704800667,1542.400000000,29.466930617,1542.200000000,31.427694793,173.800000000,16.543881044,38.000000000,4.301162634,173.800000000,16.543881044,0.000000000,0.000000000,0.000000000,0.000000000,38.000000000,4.301162634,0.120633598,0.007300333
13844,5,1754.000000000,34.734708866,1544.400000000,33.448467827,1542.200000000,34.593351962,171.000000000,6.633249581,38.600000000,5.683308895,171.000000000,6.633249581,0.000000000,0.000000000,0.000000000,0.000000000,38.600000000,5.683308895,0.119523626,0.001849907
14010,5,1798.200000000,38.925570002,1583.800000000,30.621887597,1586.200000000,32.453043001,179.200000000,8.228000972,35.200000000,5.449770637,179.200000000,8.228000972,0.000000000,0.000000000,0.000000000,0.000000000,35.200000000,5.449770637,0.119191864,0.002984764
14176,5,1804.800000000,41.493372965,1584.600000000,34.413660079,1580.600000000,30.088203669,181.800000000,12.617448236,38.400000000,8.018728079,181.800000000,12.617448236,0.000000000,0.000000000,0.000000000,0.000000000,38.400000000,8.018728079,0.121975144,0.005077809
14343,5,1844.800000000,64.036708223,1622.400000000,45.615786741,1626.400000000,44.099886621,183.600000000,17.052858998,38.800000000,4.324349662,183.600000000,17.052858998,0.000000000,0.000000000,0.000000000,0.000000000,38.800000000,4.324349662,0.120384485,0.007182536
14509,5,1832.200000000,15.205262247,1607.400000000,15.142654985,1608.400000000,13.831124322,189.200000000,14.324803664,35.600000000,5.856620186,189.200000000,14.324803664,0.000000000,0.000000000,0.000000000,0.000000000,35.600000000,5.856620186,0.122686837,0.005522688
14676,5,1859.800000000,30.523761236,1625.800000000,29.286515668,1626.200000000,28.569214200,191.200000000,15.610893632,42.800000000,9.230384607,191.200000000,15.610893632,0.000000000,0.000000000,0.000000000,0.000000000,42.800000000,9.230384607,0.125778697,0.011487965
14842,5,1904.400000000,27.070278905,1663.600000000,13.030732903,1663.600000000,14.028542333,201.600000000,10.573551910,39.200000000,4.868264578,201.600000000,10.573551910,0.000000000,0.000000000,0.000000000,0.000000000,39.200000000,4.868264578,0.126379338,0.005819731
15008,5,1898.600000000,66.489096851,1651.800000000,41.433078573,1653.600000000,41.379946834,201.200000000,23.166786570,45.600000000,6.348228099,201.200000000,23.166786570,0.000000000,0.000000000,0.000000000,0.000000000,45.600000000,6.348228099,0.129734530,0.010036300
15175,5,1933.800000000,14.096098751,1679.800000000,17.922053454,1677.200000000,16.649324311,206.000000000,14.265342618,48.000000000,6.204836823,206.000000000,14.265342618,0.000000000,0.000000000,0.000000000,0.000000000,48.000000000,6.204836823,0.131338280,0.008137264
15341,5,1951.200000000,68.729178665,1695.800000000,53.020750655,1693.600000000,50.002999910,203.800000000,23.058620947,51.600000000,6.985699679,203.800000000,23.058620947,0.000000000,0.000000000,0.000000000,0.000000000,51.600000000,6.985699679,0.130768074,0.009272269
15508,5,1975.400000000,32.500769222,1730.600000000,28.183328405,1727.800000000,27.833433134,196.000000000,8.154753215,48.800000000,7.726577509,196.000000000,8.154753215,0.000000000,0.000000000,0.000000000,0.000000000,48.800000000,7.726577509,0.123917073,0.003343259
15674,5,1993.000000000,64.202803677,1728.800000000,41.166734143,1729.200000000,40.474683445,214.000000000,23.958297101,50.200000000,5.069516742,214.000000000,23.958297101,0.000000000,0.000000000,0.000000000,0.000000000,50.200000000,5.069516742,0.132368942,0.008675918
15840,5,2035.200000000,43.597018247,1766.000000000,28.853076093,1767.000000000,27.322152185,213.200000000,13.026895256,56.000000000,9.848857802,213.200000000,13.026895256,0.000000000,0.000000000,0.000000000,0.000000000,56.000000000,9.848857802,0.132176148,0.008148091
16007,5,2025.600000000,49.348758850,1750.400000000,43.287411565,1751.000000000,45.672748987,226.800000000,14.237275020,48.400000000,5.176871642,226.800000000,14.237275020,0.000000000,0.000000000,0.000000000,0.000000000,48.400000000,5.176871642,0.135854971,0.005127092
16173,5,2067.600000000,56.535829347,1778.200000000,47.007446219,1778.800000000,45.778816062,237.600000000,18.809572031,51.800000000,8.136338243,237.600000000,18.809572031,0.000000000,0.000000000,0.000000000,0.000000000,51.800000000,8.136338243,0.139916068,0.008699167
16339,5,2095.200000000,40.158436225,1792.800000000,37.585901612,1793.400000000,42.670833130,244.800000000,7.049822693,57.600000000,6.107372594,244.800000000,7.049822693,0.000000000,0.000000000,0.000000000,0.000000000,57.600000000,6.107372594,0.144351299,0.002883054
16506,5,2123.000000000,45.326592636,1835.000000000,27.703790354,1837.600000000,32.300154798,232.200000000,17.412639088,55.800000000,5.848076607,232.200000000,17.412639088,0.000000000,0.000000000,0.000000000,0.000000000,55.800000000,5.848076607,0.135562551,0.005938255
16672,5,2164.200000000,34.542727165,1852.400000000,28.130055101,1852.800000000,25.133642792,251.200000000,6.220932406,60.600000000,9.939818912,251.200000000,6.220932406,0.000000000,0.000000000,0.000000000,0.000000000,60.600000000,9.939818912,0.144056718,0.003835885
16839,5,2137.800000000,73.791598438,1826.400000000,47.194279314,1826.600000000,47.679135898,257.200000000,19.123284237,54.200000000,16.269603560,257.200000000,19.123284237,0.000000000,0.000000000,0.000000000,0.000000000,54.200000000,16.269603560,0.145428732,0.010883210
17005,5,2155.600000000,33.649665674,1848.800000000,17.753872817,1848.800000000,17.253985047,245.200000000,20.241047404,61.600000000,9.914635646,245.200000000,20.241047404,0.000000000,0.000000000,0.000000000,0.000000000,61.600000000,9.914635646,0.142227017,0.010166602
17171,5,2210.800000000,38.829112789,1887.800000000,17.079227149,1887.600000000,15.852444606,257.800000000,23.972901368,65.200000000,9.311283478,257.800000000,23.972901368,0.000000000,0.000000000,0.000000000,0.000000000,65.200000000,9.311283478,0.145959584,0.011682197
17338,5,2217.200000000,46.954233036,1899.600000000,37.407218555,1898.400000000,33.597618963,250.200000000,21.533694527,67.400000000,5.319774431,250.200000000,21.533694527,0.000000000,0.000000000,0.000000000,0.000000000,67.400000000,5.319774431,0.143195552,0.007556459
17504,5,2251.800000000,27.307508125,1919.200000000,19.904773297,1917.800000000,18.430952227,260.600000000,11.081516142,72.000000000,7.071067812,260.600000000,11.081516142,0.000000000,0.000000000,0.000000000,0.000000000,72.000000000,7.071067812,0.147685922,0.003077419
17671,5,2275.400000000,51.012743506,1928.800000000,40.517897280,1929.400000000,42.400471695,276.400000000,9.964938535,70.200000000,15.401298647,276.400000000,9.964938535,0.000000000,0.000000000,0.000000000,0.000000000,70.200000000,15.401298647,0.152283854,0.006537045
17837,5,2309.800000000,45.969555143,1954.600000000,32.936302160,1953.400000000,30.843151590,276.400000000,19.047309521,78.800000000,9.338094024,276.400000000,19.047309521,0.000000000,0.000000000,0.000000000,0.000000000,78.800000000,9.338094024,0.153703886,0.008911587
18003,5,2320.600000000,62.095088373,1962.600000000,34.703025805,1963.200000000,36.189777562,279.000000000,28.714108031,79.000000000,3.082207001,279.000000000,28.714108031,0.000000000,0.000000000,0.000000000,0.000000000,79.000000000,3.082207001,0.154095247,0.009054234
18170,5,2280.400000000,30.656157620,1928.800000000,21.004761365,1930.000000000,19.144189719,276.800000000,8.700574694,74.800000000,6.870225615,276.800000000,8.700574694,0.000000000,0.000000000,0.000000000,0.000000000,74.800000000,6.870225615,0.154158265,0.003042285
18336,5,2328.400000000,34.961407294,1963.000000000,31.937438845,1964.000000000,32.007811547,287.400000000,13.831124322,78.000000000,8.000000000,287.400000000,13.831124322,0.000000000,0.000000000,0.000000000,0.000000000,78.000000000,8.000000000,0.156934751,0.004636626
18503,5,2357.000000000,55.095371856,1986.400000000,43.212266777,1987.800000000,43.441915243,288.800000000,16.392071254,81.800000000,10.232301794,288.800000000,16.392071254,0.000000000,0.000000000,0.000000000,0.000000000,81.800000000,10.232301794,0.157196182,0.005348235
18669,5,2378.800000000,68.550711156,1992.200000000,55.881123825,1990.200000000,54.600366299,305.600000000,22.467754672,81.000000000,9.354143467,305.600000000,22.467754672,0.000000000,0.000000000,0.000000000,0.000000000,81.000000000,9.354143467,0.162470475,0.008716760
18835,5,2381.400000000,40.960957020,2002.000000000,33.741665638,2003.800000000,32.828341414,288.200000000,22.331591972,91.200000000,6.942621983,288.200000000,22.331591972,0.000000000,0.000000000,0.000000000,0.000000000,91.200000000,6.942621983,0.159271651,0.009467853
19002,5,2436.200000000,32.267630840,2042.400000000,21.489532336,2043.600000000,22.711230702,305.000000000,14.949916388,88.800000000,17.035257556,305.000000000,14.949916388,0.000000000,0.000000000,0.000000000,0.000000000,88.800000000,17.035257556,0.161594894,0.007718302
19168,5,2448.800000000,45.394933638,2045.600000000,30.451600943,2047.600000000,30.369392487,318.200000000,14.237275020,85.000000000,11.180339887,318.200000000,14.237275020,0.000000000,0.000000000,0.000000000,0.000000000,85.000000000,11.180339887,0.164593545,0.005979663
19334,5,2520.200000000,42.622763871,2102.000000000,40.614036982,2102.200000000,39.200765299,326.400000000,22.478878976,91.800000000,6.648308055,326.400000000,22.478878976,0.000000000,0.000000000,0.000000000,0.000000000,91.800000000,6.648308055,0.165930617,0.009118981
19501,5,2533.000000000,81.132607502,2095.600000000,59.931627710,2098.400000000,60.508677064,338.600000000,11.588787685,98.800000000,17.108477431,338.600000000,11.588787685,0.000000000,0.000000000,0.000000000,0.000000000,98.800000000,17.108477431,0.172598760,0.005562800
19667,5,2541.200000000,89.278776873,2109.600000000,55.814872570,2109.400000000,57.816952531,340.200000000,27.114571728,91.400000000,17.415510328,340.200000000,27.114571728,0.000000000,0.000000000,0.000000000,0.000000000,91.400000000,17.415510328,0.169579712,0.012627546
19834,5,2518.600000000,42.782005563,2093.000000000,26.561249971,2093.600000000,25.667099563,323.800000000,22.884492566,101.800000000,11.798304963,323.800000000,22.884492566,0.000000000,0.000000000,0.000000000,0.000000000,101.800000000,11.798304963,0.168897976,0.009417274
20000,5,2540.600000000,93.417343144,2116.800000000,69.600287356,2118.400000000,70.489715562,327.200000000,12.833549782,96.600000000,14.536161804,327.200000000,12.833549782,0.000000000,0.000000000,0.000000000,0.000000000,96.600000000,14.536161804,0.166702442,0.005583753
